,car_id,car_model,used_label,price,exteriorColor,interiorColor,drivetrain,minMPG,maxMPG,fuelType,transmission,engine,mileage,brand
0,1.0,Toyota Sienna SE,1,39,139,11,4,19.0,27.0,3,20,3.5L V6 24V PDI DOHC,29403.0,28
1,2.0,Ford F-150 Lariat,1,49,145,11,3,19.0,24.0,3,2,3.5L V6 24V PDI DOHC Twin Turbo,32929.0,10
2,3.0,RAM 1500 Laramie,1,41,62,11,3,15.0,21.0,3,20,5.7L V8 16V MPFI OHV,23173.0,25
3,4.0,Honda Accord Sport SE,1,28,66,83,4,29.0,35.0,3,28,1.5L I4 16V GDI DOHC Turbo,10598.0,13
4,5.0,Lexus RX 350,1,49,53,10,4,20.0,27.0,3,20,3.5L V6 24V PDI DOHC,28137.0,19
5,6.0,Toyota 4Runner SR5,1,23,11,83,5,17.0,23.0,3,6,4.0L V6 24V MPFI DOHC,105469.0,28
6,7.0,Honda HR-V LX,1,20,104,11,4,28.0,34.0,3,28,1.8L I4 16V MPFI SOHC,10458.0,13
7,8.0,Mercedes-Benz E-Class E 350,1,18,85,68,5,21.0,30.0,3,15,3.5L V6 24V GDI DOHC,58157.0,22
8,9.0,Honda Pilot Touring 8-Passenger,1,44,131,8,2,19.0,26.0,3,24,3.5L V6 24V GDI SOHC,14445.0,13
9,10.0,Dodge Charger Scat Pack,0,46,167,11,5,15.0,24.0,3,20,6.4L V8 16V MPFI OHV,25642.0,8
10,11.0,Lexus RC 350 Base,1,42,76,74,5,19.0,28.0,3,20,3.5L V6 24V PDI DOHC,10236.0,19
11,12.0,Lexus GS 350 Base,1,16,66,11,5,19.0,28.0,3,9,3.5L V6 24V GDI DOHC,48605.0,19
12,13.0,Lexus RX 350 RX 350,1,36,114,44,4,20.0,27.0,3,20,3.5L V6 24V GDI DOHC,47729.0,19
13,14.0,Dodge Charger Scat Pack,0,47,175,11,5,15.0,24.0,3,20,6.4L V8 16V MPFI OHV,31538.0,8
14,15.0,Dodge Charger Scat Pack,1,41,117,11,5,15.0,24.0,3,20,6.4L V8 16V MPFI OHV,18717.0,8
15,16.0,Lexus RC 350 Base,1,41,149,75,5,19.0,28.0,3,20,3.5L V6 24V PDI DOHC,34102.0,19
16,17.0,Ford Explorer XLT,1,32,139,11,3,16.0,22.0,3,9,3.5L V6 24V MPFI DOHC,61294.0,10
17,18.0,Subaru Crosstrek Premium,1,25,32,11,2,28.0,33.0,3,28,2.0L H4 16V GDI DOHC,11508.0,26
18,19.0,Ford Explorer XLT,1,33,139,83,3,16.0,22.0,3,26,Regular Unleaded V-6 3.5 L/213,81375.0,10
19,20.0,Ford Explorer XLT,1,30,142,37,4,17.0,24.0,3,9,2.3L I4 16V GDI DOHC Turbo,28357.0,10
20,21.0,Ford Explorer XLT,1,32,145,37,3,16.0,22.0,3,9,3.5L V6 24V MPFI DOHC,33188.0,10
21,22.0,Acura RDX A-Spec,1,37,93,62,2,21.0,26.0,3,2,2.0L I4 16V GDI DOHC Turbo,5188.0,0
22,23.0,Acura RDX A-Spec,1,38,4,62,2,21.0,26.0,3,2,2.0L I4 16V GDI DOHC Turbo,12878.0,0
23,24.0,Ford Explorer XLT,1,31,88,37,3,16.0,22.0,3,9,3.5L V6 24V MPFI DOHC,47661.0,10
24,25.0,Subaru Forester Sport,1,29,73,44,2,26.0,33.0,3,28,2.5L H4 16V GDI DOHC,10859.0,26
25,26.0,Subaru Crosstrek 2.0i Premium,1,31,172,11,2,27.0,33.0,3,28,2.0L H4 16V GDI DOHC,30849.0,26
26,27.0,Subaru Crosstrek 2.0i Premium,1,24,172,11,2,27.0,33.0,3,28,2.0L H4 16V GDI DOHC,86759.0,26
27,28.0,Subaru Crosstrek 2.0i Premium,1,24,37,11,2,27.0,33.0,3,28,2.0L H4 16V GDI DOHC,61053.0,26
28,29.0,BMW 435 Gran Coupe i xDrive,1,30,173,29,2,20.0,30.0,3,20,3.0L I6 24V GDI DOHC Turbo,65219.0,3
29,30.0,BMW 435 Gran Coupe i xDrive,1,30,66,11,2,20.0,30.0,3,20,3.0L I6 24V GDI DOHC Turbo,63055.0,3
30,31.0,Honda Odyssey EX-L,1,38,104,44,4,19.0,28.0,3,24,3.5L V6 24V GDI SOHC,64571.0,13
31,32.0,Honda Odyssey EX-L,1,28,66,8,4,19.0,28.0,4,8,248.0HP 3.5L V6 Cylinder Engine Gasoline Fuel,56000.0,13
32,33.0,Mercedes-Benz GLC 300 Base,1,43,11,11,5,22.0,29.0,3,24,2.0L I4 16V GDI DOHC Turbo,34768.0,22
33,34.0,Audi Q5 2.0T Premium,1,37,55,11,2,22.0,27.0,3,16,2.0L I4 16V GDI DOHC Turbo,26012.0,2
34,35.0,BMW 428 i,1,27,58,11,5,23.0,34.0,3,20,2.0L I4 16V GDI DOHC Turbo,48531.0,3
35,36.0,Volvo XC60 T5 Momentum,1,40,45,83,2,20.0,27.0,3,20,2.0L I4 16V GDI DOHC Turbo,10969.0,30
36,37.0,Honda Odyssey EX-L,1,38,34,56,4,19.0,28.0,3,24,3.5L V6 24V GDI SOHC,32201.0,13
37,38.0,Lincoln MKZ Standard,1,30,91,35,4,20.0,31.0,3,9,2.0L I4 16V GDI DOHC Turbo,34686.0,20
38,39.0,Subaru Ascent Touring 7-Passenger,1,31,37,48,2,20.0,26.0,3,28,2.4L H4 16V GDI DOHC Turbo,47226.0,26
39,40.0,Land Rover Range Rover Evoque SE Premium,1,34,66,8,3,21.0,29.0,4,33,240.0HP 2.0L 4 Cylinder Engine Gasoline Fuel,39855.0,18
40,41.0,Acura MDX A-Spec,0,58,124,35,2,19.0,25.0,3,2,3.5L V6 24V GDI SOHC,12531.0,0
41,42.0,Honda Pilot EX-L,1,41,150,44,4,20.0,27.0,3,24,3.5L V6 24V GDI SOHC,15118.0,13
42,43.0,Chevrolet Impala Premier 2LZ,1,26,11,83,4,19.0,28.0,3,9,3.6L V6 24V GDI DOHC,49372.0,6
43,44.0,INFINITI G37 x,1,17,66,11,2,18.0,25.0,4,14,328.0HP 3.7L V6 Cylinder Engine Gasoline Fuel,66560.0,15
44,45.0,Honda Civic EX,1,22,104,14,4,31.0,40.0,3,28,1.5L I4 16V GDI DOHC Turbo,35257.0,13
45,46.0,Tesla Model S 75,1,47,147,81,5,0.0,0.0,2,25,382.0HP Electric Motor Electric Fuel System,84000.0,27
46,47.0,Honda Pilot Special Edition,0,43,159,44,2,19.0,26.0,3,26,Regular Unleaded V-6 3.5 L/212,10563.0,13
47,48.0,Jeep Grand Cherokee SRT,1,52,140,71,3,13.0,19.0,3,20,6.4L V8 16V MPFI OHV,49870.0,16
48,49.0,Ford Explorer Limited,1,12,173,8,4,17.0,25.0,3,9,3.5L V6 24V MPFI DOHC,117401.0,10
49,50.0,BMW M240 i,1,33,3,59,5,21.0,32.0,3,18,Straight 6 Cylinder Engine,60733.0,3
50,51.0,Volvo XC60 T5 Inscription,1,41,119,25,4,22.0,29.0,3,20,2.0L I4 16V GDI DOHC Turbo,36577.0,30
51,52.0,Honda Civic EX,1,23,34,11,4,31.0,40.0,3,28,1.5L I4 16V GDI DOHC Turbo,32333.0,13
52,53.0,BMW X1 xDrive28i,1,32,3,11,2,23.0,31.0,3,20,2.0L I4 16V GDI DOHC Turbo,39879.0,3
53,54.0,BMW X1 xDrive28i,1,30,79,11,2,23.0,31.0,3,20,2.0L I4 16V GDI DOHC Turbo,50199.0,3
54,55.0,Acura ILX Premium & A-SPEC Packages,1,23,173,62,4,24.0,34.0,3,21,2.4L I4 16V GDI DOHC,14940.0,0
55,56.0,Chrysler 300 S,1,30,61,11,5,19.0,30.0,3,20,3.6L V6 24V MPFI DOHC,19229.0,7
56,57.0,Land Rover Range Rover Sport 3.0L Supercharged HSE Dynamic,1,53,173,62,3,17.0,23.0,4,19,380.0HP 3.0L V6 Cylinder Engine Gasoline Fuel,55000.0,18
57,58.0,BMW Z4 sDrive30i,1,46,97,47,5,25.0,32.0,3,20,2.0L I4 16V GDI DOHC Turbo,23504.0,3
58,60.0,Land Rover Range Rover,1,51,143,36,3,14.0,19.0,3,20,5.0L V8 32V GDI DOHC Supercharged,54449.0,18
59,61.0,Ford F-150 Lariat,1,18,139,11,3,14.0,19.0,0,9,5.0L V8 32V MPFI DOHC Flexible Fuel,110111.0,10
60,62.0,Mazda CX-5 Grand Touring,1,25,80,11,4,25.0,31.0,3,9,2.5L I4 16V GDI DOHC,66601.0,21
61,63.0,Kia Sportage LX,1,18,12,11,4,23.0,30.0,3,9,2.4L I4 16V GDI DOHC,79336.0,17
62,64.0,Volkswagen Tiguan Sport,1,20,141,26,2,20.0,24.0,3,26,Intercooled Turbo Premium Unleaded I-4 2.0 L/121,87957.0,29
63,65.0,Chrysler 300 S,1,33,62,51,5,19.0,30.0,3,20,5.7L V8 16V MPFI OHV,27054.0,7
64,66.0,Tesla Model X Performance,1,122,173,81,2,80.0,77.0,2,0,Electric Motor Electric Fuel System,29918.0,27
65,67.0,Subaru Impreza 2.0i Premium,1,4,73,11,2,28.0,36.0,3,28,2.0L H4 16V GDI DOHC,67792.0,26
66,68.0,Jeep Cherokee Latitude Plus,1,27,46,11,3,21.0,29.0,3,24,2.4L I4 16V MPFI SOHC,21870.0,16
67,69.0,Jeep Cherokee Latitude Plus,1,21,63,11,4,22.0,31.0,3,22,4 Cylinder Engine,74832.0,16
68,70.0,BMW 320 i xDrive,1,25,16,25,2,23.0,34.0,3,20,2.0L I4 16V GDI DOHC Turbo,55001.0,3
69,71.0,Porsche Cayenne Base,1,44,11,11,2,19.0,24.0,3,20,3.6L V6 24V GDI DOHC,37979.0,24
70,72.0,Nissan Rogue SV,1,19,121,25,2,25.0,32.0,3,28,2.5L I4 16V MPFI DOHC,60122.0,23
71,73.0,Mercedes-Benz E-Class E 350 4MATIC,1,14,11,11,2,21.0,30.0,3,35,V6 Cylinder Engine,92378.0,22
72,74.0,BMW X5 xDrive35i Premium,1,12,11,20,2,16.0,23.0,3,20,3.0L I6 24V GDI DOHC Turbo,75012.0,3
73,75.0,Hyundai Santa Fe SEL 2.4,1,30,134,11,2,21.0,27.0,3,20,2.4L I4 16V GDI DOHC,42185.0,14
74,76.0,Hyundai Santa Fe SEL 2.4,1,28,87,12,2,21.0,27.0,3,20,2.4L I4 16V GDI DOHC,27088.0,14
75,77.0,Mercedes-Benz AMG E 63 S 4MATIC,0,106,67,20,2,15.0,23.0,3,24,4.0L V8 32V GDI DOHC Twin Turbo,15113.0,22
76,78.0,Mercedes-Benz S-Class S 560 4MATIC,1,71,11,20,2,17.0,27.0,3,24,4.0L V8 32V GDI DOHC Twin Turbo,18022.0,22
77,79.0,Hyundai Santa Fe SEL 2.4,1,30,164,38,2,21.0,27.0,3,20,2.4L I4 16V GDI DOHC,26693.0,14
78,80.0,Hyundai Elantra SE,1,17,138,8,4,30.0,40.0,3,28,2.0L I4 16V MPFI DOHC,21368.0,14
79,81.0,BMW X3 M40i,1,49,127,28,2,21.0,27.0,3,20,3.0L I6 24V GDI DOHC Turbo,11970.0,3
80,82.0,Volkswagen Golf R 2.0T w/DCC & Navigation,1,40,75,78,2,23.0,30.0,3,16,2.0L I4 16V GDI DOHC Turbo,32143.0,29
81,83.0,Land Rover Range Rover HSE,1,52,143,35,3,17.0,23.0,3,26,V6,84844.0,18
82,84.0,Mercedes-Benz S-Class S 560 4MATIC,1,62,11,81,2,17.0,27.0,3,24,4.0L V8 32V GDI DOHC Twin Turbo,35652.0,22
83,85.0,BMW 430 Gran Coupe i xDrive,1,26,66,29,2,23.0,33.0,3,20,2.0L I4 16V GDI DOHC Turbo,39474.0,3
84,86.0,BMW 430 Gran Coupe i xDrive,1,25,66,42,2,23.0,33.0,3,20,2.0L I4 16V GDI DOHC Turbo,42899.0,3
85,87.0,Mercedes-Benz GLS 450 4MATIC,1,56,132,41,2,16.0,22.0,3,24,3.0L V6 24V GDI DOHC Twin Turbo,33427.0,22
86,88.0,BMW 430 Gran Coupe i xDrive,1,29,19,42,2,23.0,33.0,3,20,2.0L I4 16V GDI DOHC Turbo,45266.0,3
87,89.0,Lexus LS 460 Base,1,17,11,83,2,16.0,23.0,3,20,4.6L V8 32V PDI DOHC,130602.0,19
88,90.0,GMC Yukon Denali,1,38,11,11,3,15.0,21.0,3,20,6.2L V8 16V GDI OHV,36347.0,11
89,91.0,Mercedes-Benz GLB 250 Base,1,42,98,11,4,23.0,30.0,3,21,2.0L I4 16V GDI DOHC Turbo,11140.0,22
90,92.0,Toyota Camry SE,1,31,11,11,4,28.0,39.0,3,20,2.5L I4 16V PDI DOHC,27521.0,28
91,93.0,Ford Edge Sport,0,33,177,35,2,17.0,24.0,3,7,V6 Cylinder Engine,23046.0,10
92,94.0,Subaru Crosstrek 2.0i Premium,1,28,137,44,2,27.0,33.0,3,28,2.0L H4 16V GDI DOHC,27911.0,26
93,95.0,Dodge Charger Scat Pack,0,49,57,83,5,15.0,24.0,3,20,6.4L V8 16V MPFI OHV,24858.0,8
94,96.0,Dodge Charger Scat Pack,1,40,175,23,5,15.0,24.0,3,20,6.4L V8 16V MPFI OHV,21863.0,8
95,97.0,Subaru Crosstrek Premium,1,26,179,11,2,28.0,33.0,3,28,2.0L H4 16V GDI DOHC,7572.0,26
96,98.0,Subaru Crosstrek 2.0i Premium,1,29,73,11,2,27.0,33.0,3,28,2.0L H4 16V GDI DOHC,8832.0,26
97,99.0,Subaru Crosstrek 2.0i Premium,1,27,40,11,2,27.0,33.0,3,28,2.0L H4 16V GDI DOHC,70778.0,26
98,100.0,Toyota 4Runner Limited,0,51,99,63,3,16.0,19.0,3,6,4.0L V6 24V MPFI DOHC,20606.0,28
99,101.0,Ford F-150,1,25,180,83,5,15.0,22.0,0,9,5.0L V8 32V MPFI DOHC Flexible Fuel,135228.0,10
100,102.0,Audi Q5 2.0T Premium,1,35,95,11,2,22.0,27.0,3,16,2.0L I4 16V GDI DOHC Turbo,36644.0,2
101,103.0,Audi Q5 2.0T Premium,1,38,22,11,2,22.0,27.0,3,16,2.0L I4 16V GDI DOHC Turbo,21349.0,2
102,104.0,Audi A5 2.0T Premium,1,14,126,11,2,21.0,29.0,3,20,2.0L I4 16V GDI DOHC Turbo,116693.0,2
103,105.0,Lexus RC F Base,1,51,66,83,5,16.0,25.0,3,20,5.0L V8 32V PDI DOHC,29597.0,19
104,106.0,Dodge Challenger R/T,1,33,23,44,5,15.0,23.0,3,20,5.7L V8 16V MPFI OHV,18752.0,8
105,107.0,Mazda CX-5 Grand Touring,1,18,80,11,2,24.0,30.0,3,9,2.5L I4 16V GDI DOHC,57000.0,21
106,108.0,Honda Accord EX-L,1,21,11,11,4,21.0,34.0,3,9,3.5L V6 24V MPFI SOHC,92614.0,13
107,109.0,Chevrolet Camaro 2SS,1,29,66,1,5,16.0,25.0,3,20,6.2L V8 16V GDI OHV,78378.0,6
108,110.0,Nissan Rogue S,1,16,27,44,2,25.0,32.0,3,28,2.5L I4 16V MPFI DOHC,47061.0,23
109,111.0,Toyota Highlander SE,1,39,173,2,4,21.0,27.0,3,20,3.5L V6 24V PDI DOHC,27027.0,28
110,112.0,Chevrolet Cruze LS,1,21,148,49,4,28.0,38.0,3,9,1.4L I4 16V GDI DOHC Turbo,29865.0,6
111,113.0,Chevrolet Traverse Premier,1,36,78,49,4,18.0,27.0,3,24,3.6L V6 24V GDI DOHC,56722.0,6
112,114.0,Nissan Murano SV,1,27,43,43,4,20.0,28.0,3,28,3.5L V6 24V MPFI DOHC,41010.0,23
113,115.0,BMW 540 i xDrive,1,47,39,11,2,21.0,29.0,3,20,3.0L I6 24V GDI DOHC Turbo,26042.0,3
114,116.0,Volkswagen Atlas 3.6L SEL Premium,1,49,8,79,2,16.0,22.0,3,20,3.6L V6 24V GDI DOHC,10640.0,29
115,117.0,Chevrolet Tahoe LTZ,1,28,174,27,3,16.0,22.0,3,9,5.3L V8 16V GDI OHV,139597.0,6
116,118.0,Honda Civic Sport,1,19,173,11,4,29.0,37.0,3,26,Engine: 2.0L I-4 DOHC 16-Valve i-VTEC,20164.0,13
117,119.0,Nissan Rogue SL,1,26,89,83,2,25.0,32.0,3,28,2.5L I4 16V MPFI DOHC,53043.0,23
118,120.0,Honda Pilot Special Edition,1,43,159,44,2,19.0,26.0,3,24,3.5L V6 24V GDI SOHC,22250.0,13
119,121.0,Hyundai Tucson SE,1,18,106,44,2,21.0,26.0,3,9,2.0L I4 16V GDI DOHC,93960.0,14
120,122.0,Honda Pilot Special Edition,1,42,180,83,2,19.0,26.0,3,24,3.5L V6 24V GDI SOHC,15002.0,13
121,123.0,Buick Enclave Essence,1,34,161,72,4,18.0,26.0,3,24,3.6L V6 24V GDI DOHC,26135.0,4
122,124.0,Buick Enclave Essence,1,34,50,33,4,18.0,26.0,3,24,3.6L V6 24V GDI DOHC,17542.0,4
123,125.0,Jeep Wrangler Unlimited Sport,1,26,54,11,3,16.0,21.0,3,6,3.6L V6 24V MPFI DOHC,113580.0,16
124,126.0,Buick Enclave Essence,1,36,144,33,4,18.0,26.0,3,24,3.6L V6 24V GDI DOHC,29500.0,4
125,127.0,BMW X5 M Base,1,70,25,3,2,14.0,19.0,3,20,4.4L V8 32V GDI DOHC Twin Turbo,33757.0,3
126,128.0,Genesis GV80 2.5T,1,55,71,11,5,21.0,25.0,3,20,2.5L I4 16V PDI DOHC Turbo,26663.0,12
127,129.0,Chevrolet Tahoe Z71,1,70,161,11,3,16.0,20.0,3,2,5.3L V8 16V GDI OHV,24054.0,6
128,130.0,Genesis GV80 2.5T,1,68,170,11,2,21.0,25.0,3,20,2.5L I4 16V PDI DOHC Turbo,11049.0,12
129,131.0,Acura MDX 3.5L w/Advance Package,1,24,66,45,2,19.0,26.0,3,24,3.5L V6 24V GDI SOHC,63014.0,0
130,132.0,Toyota RAV4 Sport,1,8,11,11,3,21.0,28.0,3,6,3.5L V6 24V MPFI DOHC,141372.0,28
131,133.0,Chevrolet Suburban 1500 LT,1,33,11,49,3,15.0,22.0,3,9,5.3L V8 16V GDI OHV,79436.0,6
132,134.0,Ford F-150 XLT,1,34,77,11,3,17.0,23.0,3,9,2.7L V6 24V GDI DOHC Twin Turbo,23349.0,10
133,135.0,Acura MDX 3.5L w/Technology Package,1,45,104,35,4,20.0,27.0,3,24,3.5L V6 24V GDI SOHC,15150.0,0
134,136.0,Toyota Tundra SR5,1,39,99,11,3,13.0,17.0,3,9,5.7L V8 32V MPFI DOHC,30136.0,28
135,137.0,Cadillac Escalade Sport,1,107,11,11,3,14.0,19.0,3,2,6.2L V8 16V GDI OHV,28000.0,5
136,138.0,Chrysler 300 S,1,34,151,11,5,19.0,30.0,3,20,5.7L V8 16V MPFI OHV,47552.0,7
137,139.0,Chrysler 300 S,1,28,21,11,5,19.0,30.0,3,20,3.6L V6 24V MPFI DOHC,26893.0,7
138,140.0,Honda Civic LX,1,20,66,83,4,30.0,39.0,3,28,2.0L I4 16V MPFI DOHC,42836.0,13
139,141.0,Mercedes-Benz SL-Class SL 550,1,39,47,11,5,17.0,25.0,3,26,Turbocharged Gas V8 4.6L/285,45281.0,22
140,142.0,INFINITI QX60 Pure,1,31,15,43,4,20.0,27.0,3,28,3.5L V6 24V GDI DOHC,48522.0,15
141,143.0,BMW X5 xDrive40i,0,58,127,47,2,20.0,26.0,3,20,3.0L I6 24V GDI DOHC Turbo,17509.0,3
142,144.0,INFINITI QX60 Pure,1,29,83,43,4,20.0,27.0,3,28,3.5L V6 24V GDI DOHC,49926.0,15
143,145.0,Kia Sorento SX,1,4,166,11,2,18.0,24.0,3,26,3.5L DOHC dual CVVT 24-valve V6 engine,213000.0,17
144,146.0,Honda Civic Sport,1,24,86,83,4,25.0,36.0,3,5,4 Cylinder Engine,49051.0,13
145,147.0,Ford Taurus SES,1,4,68,76,4,20.0,27.0,3,3,3.0L V6 24V MPFI DOHC,83368.0,10
146,148.0,Lexus RX 350 Base,1,47,7,11,2,19.0,26.0,3,20,3.5L V6 24V PDI DOHC,10913.0,19
147,149.0,Kia Sorento LX,1,28,66,11,4,22.0,29.0,3,9,2.4L I4 16V GDI DOHC,21055.0,17
148,150.0,Toyota Tundra SR5,0,39,163,43,3,14.0,18.0,3,9,4.6L V8 32V MPFI DOHC,36236.0,28
149,151.0,Lexus LS 460 Base,1,19,14,8,5,16.0,24.0,3,20,4.6L V8 32V PDI DOHC,97315.0,19
150,152.0,Chevrolet Silverado 1500 Custom,1,30,146,40,5,16.0,21.0,3,9,4.3L V6 12V GDI OHV,44844.0,6
151,153.0,BMW 328 i,1,15,173,20,5,23.0,35.0,3,20,2.0L 4-Cylinder DOHC 16V Turbocharged,48478.0,3
152,154.0,Porsche Macan GTS,0,84,173,11,2,17.0,22.0,3,16,2.9L V6 24V GDI DOHC Twin Turbo,7484.0,24
153,155.0,Land Rover Range Rover Sport HSE Silver Edition,1,86,51,35,3,19.0,24.0,3,26,V6,14829.0,18
154,156.0,BMW 320 320i xDrive,1,22,17,11,2,23.0,34.0,3,26,Engine: 2.0L TwinPower Turbo 4-Cylinder 16V DOHC,31948.0,3
155,157.0,BMW 540 i,1,22,68,8,5,15.0,23.0,4,12,290.0HP 4.4L 8 Cylinder Engine Gasoline Fuel,81467.0,3
156,158.0,Porsche Cayenne Base,1,28,108,7,2,19.0,24.0,3,17,V6 Cylinder Engine,53065.0,24
157,159.0,Mazda Mazda3 AWD w/Preferred Package,1,16,155,11,2,25.0,33.0,3,9,2.5L I4 16V GDI DOHC,15875.0,21
158,160.0,BMW 320 i xDrive,1,24,11,80,2,23.0,34.0,3,20,2.0L I4 16V GDI DOHC Turbo,65946.0,3
159,161.0,Genesis G80 3.8,1,38,11,83,2,18.0,24.0,3,20,3.8L V6 24V GDI DOHC,20870.0,12
160,162.0,Hyundai Santa Fe SEL 2.4,1,28,169,38,2,21.0,27.0,3,20,2.4L I4 16V GDI DOHC,28466.0,14
161,163.0,Hyundai Santa Fe SEL 2.4,1,31,19,11,2,21.0,27.0,3,20,2.4L I4 16V GDI DOHC,13924.0,14
162,164.0,Tesla Model Y Long Range,1,65,19,83,2,127.0,114.0,1,1,Electric,9561.0,27
163,165.0,Mercedes-Benz S-Class S 560 4MATIC,0,71,9,20,2,17.0,27.0,3,24,4.0L V8 32V GDI DOHC Twin Turbo,25046.0,22
164,166.0,Toyota Highlander Base Plus,1,20,11,11,2,17.0,22.0,3,6,3.5L V6 24V MPFI DOHC,60419.0,28
165,167.0,Jeep Grand Cherokee Altitude,1,33,11,11,3,18.0,25.0,3,20,3.6L V6 24V MPFI DOHC,25815.0,16
166,168.0,Acura MDX 3.5L,1,39,131,35,2,19.0,26.0,3,24,3.5L V6 24V GDI SOHC,12374.0,0
167,169.0,BMW M3 Base,1,55,66,69,5,17.0,26.0,3,16,3.0L I6 24V GDI DOHC Twin Turbo,19847.0,3
168,170.0,Toyota Tacoma SR,1,33,99,24,3,18.0,22.0,3,9,3.5L V6 24V PDI DOHC,18675.0,28
169,171.0,Acura MDX 3.5L w/Technology Package,1,39,66,38,2,19.0,26.0,3,24,3.5L V6 24V GDI SOHC,12304.0,0
170,172.0,Tesla Model Y Long Range,1,71,122,82,2,131.0,117.0,1,1,Electric,15002.0,27
171,173.0,Porsche Boxster S,1,57,11,11,5,20.0,28.0,3,16,3.4L H6 24V GDI DOHC,23698.0,24
172,174.0,Mazda Mazda6 s Grand Touring,1,9,13,11,4,17.0,25.0,3,9,3.7L V6 24V MPFI DOHC,97978.0,21
173,175.0,Toyota 4Runner Limited,1,39,11,11,3,17.0,20.0,3,6,4.0L V6 24V MPFI DOHC,46525.0,28
174,176.0,Subaru Forester,1,26,73,11,2,26.0,33.0,3,28,2.5L H4 16V GDI DOHC,30403.0,26
175,177.0,Cadillac XT5 Premium Luxury,0,33,160,49,4,19.0,26.0,3,20,3.6L V6 24V GDI DOHC,45313.0,5
176,178.0,Tesla Model Y Long Range,1,73,173,82,2,127.0,114.0,1,1,Electric,12332.0,27
177,179.0,BMW X3 sDrive30i,1,35,127,21,5,23.0,30.0,3,20,2.0L I4 16V GDI DOHC Turbo,34565.0,3
178,180.0,BMW X3 sDrive30i,1,31,79,11,5,23.0,30.0,3,20,2.0L I4 16V GDI DOHC Turbo,57583.0,3
179,181.0,Toyota 4Runner Limited,1,24,147,13,3,17.0,22.0,3,6,4.0L V6 24V MPFI DOHC,151989.0,28
180,182.0,Honda Civic EX-T,1,26,34,83,4,31.0,40.0,3,28,1.5L I4 16V GDI DOHC Turbo,12123.0,13
181,183.0,BMW X5 xDrive40i,1,54,173,11,2,20.0,26.0,3,20,3.0L I6 24V GDI DOHC Turbo,14950.0,3
182,184.0,Toyota Corolla SE,1,18,19,11,4,31.0,40.0,3,28,2.0L I4 16V PDI DOHC,10514.0,28
183,185.0,Toyota 4Runner Limited,0,42,11,18,3,17.0,20.0,3,6,4.0L V6 24V MPFI DOHC,39866.0,28
184,186.0,Ford Expedition Max Limited,1,49,11,83,5,17.0,23.0,3,2,3.5L V6 24V GDI DOHC Twin Turbo,59742.0,10
185,187.0,Honda Pilot Elite,1,41,34,11,2,19.0,26.0,3,24,3.5L V6 24V GDI SOHC,3756.0,13
186,188.0,Honda Pilot Elite,1,40,66,44,2,19.0,26.0,3,24,3.5L V6 24V GDI SOHC,4084.0,13
187,189.0,Subaru Forester 2.5i,1,8,24,34,2,24.0,32.0,3,28,2.5L H4 16V MPFI DOHC,154866.0,26
188,190.0,Subaru Forester Sport,1,29,38,44,2,26.0,33.0,3,28,2.5L H4 16V GDI DOHC,13925.0,26
189,191.0,Ford Edge Titanium,1,34,0,35,2,21.0,28.0,3,20,2.0L I4 16V GDI DOHC Turbo,60802.0,10
190,192.0,Subaru Ascent Touring 7-Passenger,1,42,31,48,2,20.0,26.0,3,28,2.4L H4 16V GDI DOHC Turbo,12090.0,26
191,193.0,Chevrolet Silverado 1500 RST,1,47,180,83,3,19.0,22.0,3,20,5.3L V8 16V GDI OHV,26589.0,6
192,194.0,Lexus RX 450hL Base,1,56,96,61,2,29.0,28.0,5,28,3.5L V6 24V PDI DOHC Hybrid,11559.0,19
193,195.0,Subaru Forester Premium,1,28,35,11,2,26.0,33.0,3,28,2.5L H4 16V GDI DOHC,14634.0,26
194,196.0,Volvo XC60 T5 Inscription,1,40,118,19,4,22.0,29.0,3,20,2.0L I4 16V GDI DOHC Turbo,34148.0,30
195,197.0,Volvo XC60 T5 Momentum,0,43,119,25,4,22.0,29.0,3,20,2.0L I4 16V GDI DOHC Turbo,32356.0,30
196,198.0,Volvo XC40 T5 R-Design,1,42,36,25,2,23.0,31.0,3,20,2.0L I4 16V GDI DOHC Turbo,15038.0,30
197,199.0,BMW X5 sDrive40i,1,55,79,21,5,21.0,26.0,3,20,3.0L I6 24V GDI DOHC Turbo,31831.0,3
198,200.0,Mazda CX-5 Grand Touring,1,29,80,11,4,25.0,31.0,3,9,2.5L I4 16V GDI DOHC,30322.0,21
199,201.0,Toyota 4Runner Limited,1,46,99,18,3,17.0,20.0,3,6,4.0L V6 24V MPFI DOHC,39855.0,28
200,202.0,BMW M850 i xDrive,1,77,25,39,2,18.0,25.0,3,20,4.4L V8 32V GDI DOHC Twin Turbo,34021.0,3
201,203.0,Dodge Challenger SXT,0,30,74,11,5,19.0,30.0,3,20,3.6L V6 24V MPFI DOHC,33296.0,8
202,204.0,Tesla Model 3 Performance,1,65,122,82,2,118.0,107.0,3,1,10 Cylinder,32600.0,27
203,205.0,Hyundai Santa Fe Limited Ultimate,1,24,107,44,2,17.0,22.0,3,9,3.3L V6 24V GDI DOHC,32770.0,14
204,206.0,Dodge Challenger SXT,1,32,152,11,5,19.0,30.0,3,20,3.6L V6 24V MPFI DOHC,20396.0,8
205,207.0,Ford F-150 XLT,1,42,147,11,3,18.0,23.0,3,29,2.7L V6 24V PDI DOHC Twin Turbo,19615.0,10
206,208.0,BMW 330 i xDrive,1,39,79,11,2,25.0,34.0,3,20,2.0L I4 16V GDI DOHC Turbo,39669.0,3
207,209.0,Honda CR-V EX,1,28,70,44,4,28.0,34.0,3,28,1.5L I4 16V GDI DOHC Turbo,30340.0,13
208,210.0,Toyota 4Runner Trail Premium,1,36,180,83,0,17.0,21.0,3,6,4.0L V6 24V MPFI DOHC,50116.0,28
209,211.0,Acura MDX 3.5L w/Technology Package,1,41,93,35,4,20.0,27.0,3,24,3.5L V6 24V GDI SOHC,30260.0,0
210,212.0,Subaru Impreza 2.0i,1,16,19,46,2,28.0,38.0,3,31,4 Cylinder Engine,40060.0,26
211,213.0,Toyota Highlander Base,1,5,165,76,4,23.0,23.0,3,27,3.3L V6,204440.0,28
212,214.0,Lexus RX 300,1,9,19,11,2,18.0,22.0,3,3,3.0L V6 24V MPFI DOHC,77792.0,19
213,215.0,Honda CR-V EX-L,0,34,104,44,2,27.0,33.0,3,28,1.5L I4 16V GDI DOHC Turbo,36188.0,13
214,216.0,Toyota 4Runner SR5,1,37,173,44,5,17.0,21.0,3,6,4.0L V6 24V MPFI DOHC,37750.0,28
215,217.0,Chevrolet Impala Premier 2LZ,1,26,148,49,4,19.0,28.0,3,9,3.6L V6 24V GDI DOHC,55545.0,6
216,218.0,BMW X7 xDrive50i,1,81,103,77,2,15.0,21.0,3,20,4.4L V8 32V GDI DOHC Twin Turbo,27289.0,3
217,219.0,Mercedes-Benz S-Class S 550 4MATIC,1,15,19,20,2,14.0,20.0,3,15,5.5L V8 32V MPFI DOHC,89247.0,22
218,220.0,Nissan Rogue SL,1,21,69,25,2,25.0,32.0,3,28,2.5L I4 16V MPFI DOHC,75290.0,23
219,221.0,Volkswagen Atlas 3.6L SEL Premium,1,47,130,55,2,16.0,22.0,3,20,3.6L V6 24V GDI DOHC,17123.0,29
220,222.0,Acura TLX FWD,0,31,93,35,4,23.0,33.0,3,21,2.4L I4 16V GDI DOHC,37033.0,0
221,223.0,Toyota 4Runner Limited,1,46,99,63,3,17.0,20.0,3,6,4.0L V6 24V MPFI DOHC,16854.0,28
222,224.0,Toyota RAV4 XLE,1,28,23,11,4,23.0,30.0,3,9,2.5L I4 16V MPFI DOHC,17590.0,28
223,225.0,Honda Accord EX-L 1.5T,1,20,11,11,4,30.0,38.0,3,26,Engine: 1.5T I-4 DOHC 16-Valve Turbocharged VTEC,75592.0,13
224,226.0,Mercedes-Benz GLE 350 Base 4MATIC,1,53,132,11,2,19.0,26.0,3,24,2.0L I4 16V GDI DOHC Turbo,31179.0,22
225,227.0,BMW 330 i,1,39,17,28,5,26.0,36.0,3,20,2.0L I4 16V GDI DOHC Turbo,19377.0,3
226,228.0,BMW X3 M40i,1,47,3,11,2,20.0,27.0,3,20,3.0L I6 24V GDI DOHC Turbo,33855.0,3
227,229.0,Audi Q3 45 S line Premium,1,44,72,58,2,20.0,28.0,3,15,I4,12051.0,2
228,230.0,Audi Q3 45 S line Premium,1,44,60,58,2,20.0,28.0,3,15,I4,13109.0,2
229,231.0,Mercedes-Benz GLC 300 Base 4MATIC,0,40,11,73,2,22.0,27.0,3,24,2.0L I4 16V GDI DOHC Turbo,19782.0,22
230,232.0,BMW X5 PHEV xDrive45e,1,71,19,20,2,0.0,0.0,6,33,389.0HP 3.0L Straight 6 Cylinder Engine Plug-In Electric/Gas,10500.0,3
231,233.0,Genesis GV80 2.5T,1,52,82,11,5,21.0,25.0,3,20,2.5L I4 16V PDI DOHC Turbo,6914.0,12
232,234.0,Audi S5 3.0T Prestige,1,44,66,53,2,21.0,30.0,3,20,3.0L V6 24V GDI DOHC Turbo,49950.0,2
233,235.0,Honda Pilot EX-L,1,36,44,8,4,19.0,27.0,3,9,3.5L V6 24V GDI SOHC,36790.0,13
234,236.0,Mercedes-Benz GLC 300 Base 4MATIC,1,37,66,11,2,22.0,27.0,4,23,241.0HP 2.0L 4 Cylinder Engine Gasoline Fuel,10662.0,22
235,237.0,Chevrolet Spark LS,1,13,66,44,4,30.0,38.0,3,28,1.4L I4 16V MPFI DOHC,14035.0,6
236,238.0,Hyundai Elantra SE,1,21,125,11,4,29.0,38.0,3,9,2.0L I4 16V MPFI DOHC,11326.0,14
237,239.0,Hyundai Elantra SE,1,18,125,44,4,29.0,38.0,3,9,2.0L I4 16V MPFI DOHC,43148.0,14
238,240.0,Chevrolet Suburban 1500 LT,1,32,11,44,3,15.0,22.0,3,9,5.3L V8 16V GDI OHV,89990.0,6
239,241.0,Mercedes-Benz S-Class S 550 4MATIC,1,25,97,5,2,15.0,24.0,3,15,4.7L V8 32V GDI DOHC Twin Turbo,59725.0,22
240,242.0,Nissan Frontier PRO-4X,1,38,59,83,3,17.0,23.0,3,24,3.8L V6 24V GDI DOHC,11510.0,23
241,243.0,Honda Accord EX-L 1.5T,1,18,104,44,4,30.0,38.0,3,37,Engine: 1.5T I-4 DOHC 16-Valve Turbocharged VTEC,87091.0,13
242,244.0,Jeep Grand Cherokee Limited,1,35,62,11,3,18.0,25.0,3,20,3.6L V6 24V MPFI DOHC,32858.0,16
243,245.0,Mazda CX-5 Grand Touring,1,27,80,61,4,25.0,31.0,3,9,2.5L I4 16V GDI DOHC,23639.0,21
244,246.0,BMW 128 128i,1,8,17,11,5,18.0,28.0,3,26,3.0L DOHC 24-valve I6 engine -inc: double-VANOS steplessly varia,94876.0,3
245,247.0,Land Rover Range Rover,1,49,33,36,3,14.0,19.0,3,20,5.0L V8 32V GDI DOHC Supercharged,73178.0,18
246,248.0,Ford F-150 Lariat,1,19,11,60,3,0.0,0.0,0,26,5.0L V8 FFV engine,141281.0,10
247,249.0,Lexus LS 430 Base (A6),1,14,36,66,5,18.0,25.0,3,9,4.3L V8 32V MPFI DOHC,90908.0,19
248,250.0,Lexus RX 350 Base,1,47,173,11,2,19.0,26.0,3,20,3.5L V6 24V PDI DOHC,17212.0,19
249,251.0,Audi A7 3.0T Prestige,1,47,110,83,2,20.0,30.0,3,20,3.0L V6 24V GDI DOHC Supercharged,21603.0,2
250,252.0,Mazda Mazda6 Sport,1,30,80,61,4,23.0,31.0,3,9,2.5L I4 16V,35332.0,21
251,253.0,Hyundai Sonata Hybrid SE,1,18,48,44,4,40.0,44.0,5,9,2.0L I4 16V GDI DOHC Hybrid,72278.0,14
252,254.0,Alfa Romeo Giulia Ti,1,29,66,11,2,23.0,31.0,4,33,280.0HP 2.0L 4 Cylinder Engine Gasoline Fuel,22855.0,1
253,255.0,Mercedes-Benz CLA 250 Base,0,30,132,83,4,24.0,37.0,3,16,2.0L I4 16V GDI DOHC Turbo,30820.0,22
254,256.0,Toyota Corolla LE,1,13,5,44,4,28.0,36.0,3,30,1.8L I4 DOHC Dual VVT-i,54898.0,28
255,257.0,Acura MDX 3.5L w/Technology Package,1,19,30,35,4,19.0,27.0,3,24,3.5L V6 24V GDI SOHC,71815.0,0
256,258.0,Nissan Rogue SV,0,19,89,25,2,25.0,32.0,3,28,2.5L I4 16V MPFI DOHC,74430.0,23
257,259.0,Honda Civic LX,1,23,104,11,4,0.0,38.0,3,34,Regular Unleaded I-4 2.0 L/122,29879.0,13
258,260.0,Lexus RX 350 Base (A5),1,11,19,8,2,17.0,22.0,3,6,3.5L V6 24V MPFI DOHC,90958.0,19
259,261.0,Honda Odyssey EX-L,0,38,120,56,4,19.0,28.0,3,24,3.5L V6 24V GDI SOHC,14494.0,13
260,262.0,BMW X5 xDrive40i,1,56,17,11,2,20.0,26.0,3,20,3.0L I6 24V GDI DOHC Turbo,18031.0,3
261,263.0,Acura ILX Premium & A-SPEC Packages,1,30,131,62,4,24.0,34.0,3,21,2.4L I4 16V GDI DOHC,29085.0,0
262,264.0,Toyota Highlander Limited w/3rd Row,1,11,11,4,3,18.0,24.0,3,26,3.3L DOHC SFI 24-valve VVT-i V6 engine,96442.0,28
263,265.0,BMW M550 i Xdrive,1,44,11,11,2,18.0,25.0,3,36,8 Cylinder Engine,38336.0,3
264,266.0,Subaru Forester,0,27,35,44,2,26.0,33.0,3,28,2.5L H4 16V GDI DOHC,12679.0,26
265,267.0,Subaru Forester,1,23,37,44,2,26.0,33.0,3,28,2.5L H4 16V GDI DOHC,10460.0,26
266,268.0,BMW M4 Base,1,72,173,83,5,18.0,25.0,3,32,3.0L I6 24V GDI DOHC Twin Turbo,6626.0,3
267,269.0,Volkswagen Tiguan 2.0T SE,0,26,42,11,2,21.0,29.0,3,20,2.0L I4 16V GDI DOHC Turbo,28601.0,29
268,270.0,Cadillac XT6 Premium Luxury AWD,1,59,160,31,2,18.0,25.0,3,24,3.6L V6 24V GDI DOHC,10932.0,5
269,271.0,Chevrolet Blazer Premier,1,48,11,49,4,19.0,26.0,3,24,3.6L V6 24V GDI DOHC,11843.0,6
270,272.0,Honda CR-V EX-L,1,29,180,83,4,28.0,34.0,3,28,1.5L I4 16V GDI DOHC Turbo,21868.0,13
271,273.0,Porsche 911 Targa 4,1,72,19,11,2,18.0,25.0,3,16,3.6L H6 24V GDI DOHC,41198.0,24
272,274.0,Mercedes-Benz C-Class C 300,0,33,11,83,5,23.0,34.0,3,24,2.0L I4 16V GDI DOHC Turbo,35825.0,22
273,275.0,Mercedes-Benz E-Class E 400,1,20,158,83,5,20.0,29.0,3,15,3.0L V6 24V GDI DOHC Twin Turbo,102893.0,22
274,276.0,Audi A3 2.0T Prestige,1,31,55,11,2,24.0,31.0,3,10,2.0L I4 16V GDI DOHC Turbo,64403.0,2
275,277.0,Jeep Grand Cherokee Limited,1,27,62,11,5,19.0,26.0,3,20,3.6L V6 24V MPFI DOHC,16929.0,16
276,278.0,Subaru Outback 2.5i Limited,1,29,37,11,2,25.0,32.0,3,28,2.5L H4 16V MPFI DOHC,47445.0,26
277,279.0,Mazda CX-5 Grand Touring,1,27,80,61,4,25.0,31.0,3,9,2.5L I4 16V GDI DOHC,37852.0,21
278,280.0,Porsche Cayenne S,1,34,173,11,2,17.0,24.0,3,20,3.6L V6 24V GDI DOHC Twin Turbo,56557.0,24
279,281.0,BMW X5 xDrive40i,1,62,3,11,2,20.0,26.0,3,20,3.0L I6 24V GDI DOHC Turbo,10422.0,3
280,282.0,Lexus RX 350 Base,1,18,157,83,1,18.0,24.0,3,9,3.5L V6 24V MPFI DOHC,124282.0,19
281,283.0,Buick LaCrosse Premium,1,28,123,50,4,21.0,31.0,3,20,3.6L V6 24V GDI DOHC,33148.0,4
282,284.0,Cadillac XT5 Luxury,1,33,160,11,4,19.0,27.0,3,20,3.6L V6 24V GDI DOHC,39535.0,5
283,285.0,BMW X3 xDrive30i,0,37,20,21,2,22.0,29.0,3,20,2.0L I4 16V GDI DOHC Turbo,32702.0,3
284,286.0,Tesla Model Y Performance,1,74,122,82,2,115.0,106.0,1,1,Electric,12708.0,27
285,287.0,INFINITI QX50 ESSENTIAL,0,35,15,43,4,24.0,31.0,3,28,2.0L I4 16V PDI DOHC Turbo,19527.0,15
286,288.0,Volvo XC60 T5 Momentum,1,41,128,54,2,20.0,27.0,3,20,2.0L I4 16V GDI DOHC Turbo,33921.0,30
287,289.0,Dodge Challenger SXT,1,28,74,11,5,19.0,30.0,3,20,3.6L V6 24V MPFI DOHC,34283.0,8
288,290.0,Audi Q5 2.0T Premium,1,35,108,6,2,22.0,27.0,3,16,2.0L I4 16V GDI DOHC Turbo,28251.0,2
289,291.0,Mazda Mazda3 FWD w/Preferred Package,1,27,153,16,4,26.0,35.0,3,9,2.5L I4 16V GDI DOHC,11945.0,21
290,292.0,Kia Forte FE,1,16,11,44,4,31.0,41.0,3,28,2.0L I4 16V MPFI DOHC,14606.0,17
291,293.0,Audi Q5 2.0T Premium,1,35,72,11,2,22.0,27.0,3,16,2.0L I4 16V GDI DOHC Turbo,38337.0,2
292,294.0,Nissan Murano SL,0,29,89,43,4,21.0,28.0,3,28,3.5L V6 24V MPFI DOHC,39336.0,23
293,295.0,Chevrolet Corvette Stingray Z51,1,49,178,83,5,17.0,29.0,3,20,6.2L V8 16V GDI OHV,13053.0,6
294,296.0,Lincoln MKZ Select,1,22,173,30,4,21.0,31.0,3,9,2.0L I4 16V GDI DOHC Turbo,43485.0,20
295,297.0,Volvo XC60 T5 Momentum,1,38,36,83,2,20.0,27.0,3,20,2.0L I4 16V GDI DOHC Turbo,31039.0,30
296,298.0,Honda CR-V EX-L,1,33,105,83,2,27.0,33.0,3,28,1.5L I4 16V GDI DOHC Turbo,19426.0,13
297,299.0,BMW 330 i xDrive,1,40,3,11,2,25.0,34.0,3,20,2.0L I4 16V GDI DOHC Turbo,39186.0,3
298,300.0,Tesla Model Y Long Range,1,74,173,11,2,131.0,117.0,1,1,Electric,10926.0,27
299,301.0,Jeep Grand Cherokee Limited,1,34,10,83,5,19.0,26.0,3,20,3.6L V6 24V MPFI DOHC,33995.0,16
300,302.0,Mercedes-Benz AMG GLE 43 4MATIC Coupe,1,67,115,83,2,17.0,22.0,3,24,3.0L V6 24V GDI DOHC Twin Turbo,36343.0,22
301,303.0,Ford F-150 Lariat,1,66,1,11,3,19.0,24.0,3,2,5.0L V8 32V PDI DOHC,16581.0,10
302,304.0,Volkswagen Arteon 2.0T SEL Premium R-Line,1,32,94,78,2,20.0,27.0,3,20,2.0L I4 16V GDI DOHC Turbo,46542.0,29
303,305.0,Honda Accord LX,1,17,11,11,4,27.0,36.0,3,28,2.4L I4 16V GDI DOHC,65076.0,13
304,306.0,Dodge Charger SXT,1,32,129,11,5,19.0,30.0,3,20,3.6L V6 24V MPFI DOHC,32033.0,8
305,307.0,Mercedes-Benz AMG C 43 Base 4MATIC,0,54,11,0,2,19.0,27.0,3,24,3.0L V6 24V GDI DOHC Twin Turbo,36089.0,22
306,308.0,Honda Pilot EX-L,1,34,44,9,4,19.0,27.0,3,7,V6 Cylinder Engine,38383.0,13
307,309.0,Acura RDX Base,1,36,124,61,2,21.0,27.0,3,2,2.0L I4 16V GDI DOHC Turbo,21316.0,0
308,310.0,Acura RDX Base,1,37,124,61,2,21.0,27.0,3,2,2.0L I4 16V GDI DOHC Turbo,18576.0,0
309,311.0,Audi Q5 45 Premium,1,52,110,64,2,23.0,28.0,3,16,2.0L I4 16V GDI DOHC Turbo,14222.0,2
310,312.0,Nissan Rogue SL,1,22,69,25,2,25.0,32.0,3,26,Regular Unleaded I-4 2.5 L/152,54163.0,23
311,313.0,Acura MDX 3.5L Technology & A-Spec Pkgs,1,46,4,35,2,19.0,25.0,3,24,3.5L V6 24V GDI SOHC,21460.0,0
312,314.0,Volkswagen Atlas 3.6L SEL Premium,1,47,136,79,2,16.0,22.0,3,20,3.6L V6 24V GDI DOHC,34337.0,29
313,315.0,Volvo XC90 T6 Momentum,1,35,84,19,2,20.0,25.0,3,20,2.0L I4 16V GDI DOHC,56044.0,30
314,316.0,Honda Civic Sport,0,29,154,11,4,29.0,35.0,3,28,1.5L I4 16V GDI DOHC Turbo,17288.0,13
315,317.0,INFINITI QX80 Luxe,1,52,29,67,5,14.0,20.0,3,15,5.6L V8 32V GDI DOHC,27017.0,15
316,318.0,Honda Pilot Special Edition,1,43,131,11,2,19.0,26.0,3,24,3.5L V6 24V GDI SOHC,6398.0,13
317,319.0,Honda Accord LX,0,29,28,46,4,30.0,38.0,3,28,1.5L I4 16V GDI DOHC Turbo,13112.0,13
318,320.0,Acura MDX 3.5L,1,23,173,8,2,18.0,27.0,3,9,3.5L V6 24V GDI SOHC,99697.0,0
319,321.0,Audi Q8 3.0T Premium,1,62,60,11,2,17.0,22.0,5,20,3.0L V6 24V GDI DOHC Turbo Hybrid,30425.0,2
320,322.0,Nissan Maxima 3.5 S,1,19,11,11,4,21.0,30.0,3,28,3.5L V6 24V MPFI DOHC,48203.0,23
321,323.0,Chevrolet Trax LS,0,17,148,11,4,25.0,33.0,3,9,1.4L I4 16V MPFI DOHC Turbo,30364.0,6
322,324.0,Kia Telluride SX,1,46,41,11,4,20.0,26.0,3,20,3.8L V6 24V GDI DOHC,33976.0,17
323,325.0,Chrysler 300 S,1,31,171,11,2,18.0,27.0,3,20,3.6L V6 24V MPFI DOHC,47004.0,7
324,326.0,Hyundai Santa Fe Limited 2.0T,1,34,134,12,4,20.0,27.0,3,20,2.0L I4 16V GDI DOHC Turbo,39946.0,14
325,327.0,Mercedes-Benz GLB 250 Base,1,37,11,11,4,23.0,30.0,3,21,2.0L I4 16V GDI DOHC Turbo,32624.0,22
326,328.0,Ford Mustang EcoBoost Premium,1,21,173,83,5,20.0,28.0,3,2,2.3L I4 16V GDI DOHC Turbo,68603.0,10
327,329.0,Chrysler Crossfire SRT-6,1,24,11,25,5,17.0,24.0,3,6,3.2L V6 18V MPFI SOHC Supercharged,10062.0,7
328,330.0,Ford F-150 XLT,1,41,11,11,3,18.0,23.0,3,2,2.7L V6 24V PDI DOHC Twin Turbo,46946.0,10
329,331.0,Mercedes-Benz GLA 250 Base,1,43,132,83,4,25.0,34.0,3,21,2.0L I4 16V GDI DOHC Turbo,10732.0,22
330,332.0,Porsche Boxster,1,28,100,70,5,19.0,27.0,3,16,2.9L H6 24V MPFI DOHC,71106.0,24
331,333.0,FIAT 500L Easy,1,9,113,11,4,25.0,33.0,3,13,1.4L I4 16V MPFI SOHC Turbo,65629.0,9
332,334.0,Honda Civic LX,1,15,11,17,4,30.0,39.0,3,28,1.8L I4 16V MPFI SOHC,47467.0,13
333,335.0,Honda Civic LX,1,19,173,15,4,31.0,40.0,3,28,2.0L I4 16V MPFI DOHC,51430.0,13
334,336.0,Lexus GX 460 Base,1,49,112,62,3,15.0,19.0,3,9,4.6L V8 32V MPFI DOHC,30421.0,19
335,337.0,BMW X3 M40i,1,47,25,56,2,20.0,27.0,3,20,3.0L I6 24V GDI DOHC Turbo,19572.0,3
336,338.0,Porsche Macan S,0,63,173,11,2,18.0,23.0,3,16,3.0L V6 24V GDI DOHC Turbo,38729.0,24
337,339.0,Mercedes-Benz CLA 250 Base,0,29,98,83,4,24.0,37.0,3,16,2.0L I4 16V GDI DOHC Turbo,31676.0,22
338,340.0,BMW X5 xDrive40i,1,58,79,11,2,20.0,26.0,3,20,3.0L I6 24V GDI DOHC Turbo,31750.0,3
339,341.0,Mercedes-Benz CLA 250 Base,1,31,81,83,4,24.0,37.0,3,16,2.0L I4 16V GDI DOHC Turbo,25943.0,22
340,342.0,Mercedes-Benz GLE 350 Base 4MATIC,1,37,66,11,2,18.0,22.0,3,15,3.5L V6 24V GDI DOHC,49312.0,22
341,343.0,BMW X5 xDrive40i,1,53,17,47,2,20.0,26.0,3,20,3.0L I6 24V GDI DOHC Turbo,35662.0,3
342,344.0,Nissan Rogue SV,1,18,121,2,2,25.0,32.0,3,28,2.5L I4 16V MPFI DOHC,73347.0,23
343,345.0,Nissan Rogue SV,1,15,89,25,2,25.0,32.0,3,28,2.5L I4 16V MPFI DOHC,99498.0,23
344,346.0,Honda Pilot Elite,1,34,116,44,2,19.0,26.0,3,24,3.5L V6 24V GDI SOHC,59498.0,13
345,347.0,Nissan Rogue SV,1,19,101,25,4,26.0,33.0,3,28,2.5L I4 16V MPFI DOHC,43121.0,23
346,348.0,BMW 428 i xDrive,1,13,66,11,2,22.0,33.0,3,20,2.0L I4 16V GDI DOHC Turbo,68535.0,3
347,349.0,Lexus RX 350 Base,1,11,36,76,2,17.0,22.0,3,4,V6 Cylinder Engine,114708.0,19
348,350.0,BMW X7 xDrive50i,1,69,17,28,2,15.0,21.0,3,20,4.4L V8 32V GDI DOHC Twin Turbo,46661.0,3
349,351.0,Toyota Camry XSE,0,30,99,11,4,28.0,39.0,3,20,2.5L I4 16V PDI DOHC,15341.0,28
350,352.0,Audi A4 2.0T Premium,1,31,72,11,2,23.0,34.0,3,16,2.0L I4 16V GDI DOHC Turbo,20910.0,2
351,353.0,Toyota Camry XSE,1,29,11,62,4,28.0,39.0,3,20,2.5L I4 16V PDI DOHC,22207.0,28
352,354.0,BMW X5 xDrive35i,1,31,11,56,2,18.0,24.0,3,20,3.0L I6 24V GDI DOHC Turbo,45922.0,3
353,355.0,Hyundai Santa Fe SEL 2.4,1,31,169,38,2,21.0,27.0,3,20,2.4L I4 16V GDI DOHC,13519.0,14
354,356.0,Kia Telluride SX,0,51,11,83,2,19.0,24.0,3,20,3.8L V6 24V GDI DOHC,25593.0,17
355,357.0,Mercedes-Benz GLC 300 Base 4MATIC,0,39,64,52,2,21.0,28.0,3,24,2.0L I4 16V GDI DOHC Turbo,44271.0,22
356,358.0,Subaru Forester,1,26,35,44,2,26.0,33.0,3,28,2.5L H4 16V GDI DOHC,33711.0,26
357,359.0,Toyota 4Runner Limited,1,35,66,63,3,17.0,21.0,3,6,4.0L V6 24V MPFI DOHC,53249.0,28
358,360.0,BMW X5 xDrive40i,1,63,25,47,2,20.0,26.0,3,20,3.0L I6 24V GDI DOHC Turbo,30523.0,3
359,361.0,Toyota 4Runner Limited,1,40,99,70,3,17.0,20.0,3,6,4.0L V6 24V MPFI DOHC,38530.0,28
360,362.0,Mazda CX-5 Grand Touring,1,30,80,11,4,25.0,31.0,3,9,2.5L I4 16V GDI DOHC,18410.0,21
361,363.0,GMC Yukon Denali,1,82,118,83,3,14.0,19.0,3,2,6.2L V8 16V GDI OHV,33316.0,11
362,364.0,Mercedes-Benz AMG GLE 43 4MATIC Coupe,0,61,173,11,2,17.0,22.0,3,24,3.0L V6 24V GDI DOHC Twin Turbo,36323.0,22
363,365.0,Tesla Model Y Long Range,1,73,11,83,2,127.0,114.0,1,1,Electric,10729.0,27
364,366.0,Ford F-150 XL,1,34,145,32,3,18.0,23.0,0,26,3.3L V6 24V PDI DOHC Flexible Fuel,51960.0,10
365,367.0,Mazda CX-9 Carbon Edition,1,41,133,62,2,20.0,26.0,3,9,2.5L I4 16V GDI DOHC Turbo,11309.0,21
366,368.0,Tesla Model Y Long Range,1,72,102,11,2,131.0,117.0,1,1,Electric,13919.0,27
367,369.0,Toyota 4Runner Limited,0,44,99,11,5,16.0,19.0,3,6,4.0L V6 24V MPFI DOHC,34593.0,28
368,370.0,Chevrolet Equinox Premier,1,22,78,49,4,21.0,31.0,3,11,4 Cylinder Engine,50127.0,6
369,371.0,Lexus RX 350 350,1,35,53,61,4,20.0,27.0,3,20,3.5L V6 24V GDI DOHC,73966.0,19
370,372.0,BMW X7 xDrive40i,1,71,6,77,2,20.0,25.0,3,20,3.0L I6 24V GDI DOHC Turbo,14004.0,3
371,373.0,Jeep Grand Cherokee Limited,1,39,46,11,3,18.0,25.0,3,20,3.6L V6 24V MPFI DOHC,39412.0,16
372,374.0,Ford Edge Sport,0,42,156,35,2,19.0,26.0,3,26,Twin Turbo Premium Unleaded V-6 2.7 L/166,25055.0,10
373,375.0,Lincoln Aviator Reserve AWD,1,58,135,83,2,17.0,24.0,3,2,3.0L V6 24V GDI DOHC Twin Turbo,37414.0,20
374,376.0,Subaru Crosstrek 2.0i Premium,1,19,137,46,2,26.0,34.0,3,28,2.0L H4 16V MPFI DOHC,94374.0,26
375,377.0,Subaru Crosstrek 2.0i Limited,1,28,162,11,2,27.0,33.0,3,28,2.0L H4 16V GDI DOHC,45209.0,26
376,378.0,Subaru Crosstrek 2.0i Premium,0,26,137,44,2,23.0,29.0,3,13,2.0L H4 16V GDI DOHC,39537.0,26
377,379.0,Audi Q5 45 Prestige,1,49,110,11,2,22.0,28.0,3,16,2.0L I4 16V GDI DOHC Turbo,10843.0,2
378,380.0,Tesla Model Y Long Range,1,75,122,11,2,131.0,117.0,1,1,Electric,14347.0,27
379,381.0,Volvo V90 Cross Country T5,1,50,119,25,2,23.0,31.0,3,20,2.0L I4 16V GDI DOHC Turbo,37837.0,30
380,382.0,Honda Accord EX-L,1,20,2,44,4,21.0,34.0,3,9,3.5L V6 24V MPFI SOHC,73467.0,13
381,383.0,Toyota 4Runner Limited,1,48,18,63,5,16.0,19.0,3,6,4.0L V6 24V MPFI DOHC,37001.0,28
382,384.0,Audi Q5 2.0T Premium,1,33,111,65,2,22.0,27.0,3,16,2.0L I4 16V GDI DOHC Turbo,43496.0,2
383,385.0,Nissan Murano SL,1,12,65,8,4,18.0,23.0,3,28,3.5L V6 24V MPFI DOHC,65881.0,23
384,386.0,Toyota 4Runner Nightshade,1,55,99,13,3,16.0,19.0,3,6,4.0L V6 24V MPFI DOHC,19814.0,28
385,387.0,Dodge Challenger SXT,1,27,175,11,5,19.0,30.0,3,20,3.6L V6 24V MPFI DOHC,19501.0,8
386,388.0,Audi Q8 3.0T Premium,1,72,26,11,2,17.0,22.0,3,20,3.0L V6 24V GDI DOHC Turbo,32731.0,2
387,389.0,Kia Telluride SX,1,51,49,44,4,20.0,26.0,3,20,3.8L V6 24V GDI DOHC,24793.0,17
388,390.0,Hyundai Elantra SEL,1,15,52,44,4,28.0,37.0,3,9,2.0L I4 16V MPFI DOHC,51503.0,14
389,391.0,Mercedes-Benz GLC 300 Base 4MATIC,1,51,11,11,2,21.0,28.0,3,24,2.0L I4 16V GDI DOHC Turbo,10769.0,22
390,392.0,Kia Telluride SX,1,50,41,44,4,20.0,26.0,3,20,3.8L V6 24V GDI DOHC,36411.0,17
391,393.0,Porsche Cayenne Base,1,49,92,67,2,18.0,24.0,3,20,3.6L V6 24V GDI DOHC,41125.0,24
392,394.0,Lincoln MKZ Standard,1,33,176,22,4,20.0,31.0,3,9,2.0L I4 16V GDI DOHC Turbo,13575.0,20
393,395.0,Honda HR-V LX,1,17,66,11,2,27.0,31.0,3,28,1.8L I4 16V MPFI SOHC,42436.0,13
394,396.0,Subaru Forester 2.5i Limited,0,26,40,44,2,26.0,32.0,3,28,2.5L H4 16V MPFI DOHC,51492.0,26
395,397.0,Ford Edge ST,1,43,56,35,2,19.0,26.0,3,20,2.7L V6 24V GDI DOHC Twin Turbo,22492.0,10
396,398.0,Hyundai Palisade Limited,1,45,109,11,4,19.0,26.0,3,20,3.8L V6 24V GDI DOHC,49541.0,14
397,399.0,Nissan Rogue SL,1,33,90,25,4,26.0,33.0,3,28,2.5L I4 16V MPFI DOHC,23320.0,23
398,400.0,Buick Encore Preferred,1,21,50,35,4,25.0,30.0,3,9,1.4L I4 16V MPFI DOHC Turbo,30406.0,4
399,401.0,Jeep Grand Cherokee Limited,1,33,46,11,3,18.0,25.0,3,20,3.6L V6 24V MPFI DOHC,43807.0,16
400,402.0,Toyota RAV4 Hybrid XLE,0,30,163,57,2,34.0,30.0,5,28,2.5L I4 16V MPFI DOHC Hybrid,41944.0,28
401,403.0,Cadillac XT4 Sport,1,35,11,11,2,22.0,29.0,3,24,2.0L I4 16V GDI DOHC Turbo,49386.0,5
402,404.0,Chevrolet Tahoe LTZ,1,35,168,49,3,16.0,22.0,3,9,5.3L V8 16V GDI OHV,115795.0,6
403,405.0,Kia Soul +,1,9,68,11,4,23.0,28.0,3,26,2.0L DOHC MPI dual-CVVT 16-valve I4 engine -inc: variable intake,47786.0,17
